id_video,c1_description,c2_description,c3_description,c4_description,c5_description,c6_description,c7_description,c8_description
P_000,"One hand, back of the hand facing up, moving upwards, once + one hand, index finger extended, pointing upwards, repeatedly","One hand, index finger extended pointing down, stationary","One hand, thumb finger and index finger pinching together, swiping over mouth rightwards, once","One hand, thumb finger and index finger pinching together, swiping over mouth leftwards, once","One hand, thumb finger and other fingers tapping together, opening downward","One hand, closed palm facing outward, opening fingers outward","One hand, open and raised palm, facing forward, stationary","One hand, thumb finger and index finger tapping together, closing downward"
P_001,"One hand, curved hand, positioned on the side of the head, behind the ear, stationary","One hand, curved hand near the ear, stationary + one hand, index finger extended pointing down, moving downwards, repeatedly","Two hands, open palms crossing in front, spreading sideways, once",Unknown,"One hand index pointing outward, swiping rightward","One hand, index pointing outward, swiping rightward","One hand, open and raised palm, facing forward, stationary","One hand, open palmfacing forward, waving left-right, repeatedly"
P_002,"One hand, index extended, positioned on the side of the head, pointing to ear, stationary + one hand, index finger extended pointing up, moving uowards, repeatedly","One hand, index finger extended near the ear, stationary + one hand, index finger extended pointing down, moving downwards, repeatedly","One hand, index finger extended near the ear, stationary + one hand, hands stacked in front, spreading apart sideways, once","One hand, index finger extended near the ear, stationary + index finger extended, pointing up, repeatedly","One hand, index and middle fingers pointing at the eyes, stationary + two hands, hands stacked together in front, spreading outwards","One hand, index and middle fingers pointing at the eyes, stationary + one hand, thumb finger extended upward, stationary","One hand, index finger extended upward, stationary","Two hands, open palms facing down, hands stacked together in front, spreading outwards, once"
P_003,"One hand, index finger extended, pointing upwards, repeatedly","Onde hand, index finger extended pointing down, moving downwards, repeatedly","One hand, index finger extended placed over the mouth, stationary","One hand, closed palm facing outward, quickly opening and closing fingers, repeatedly","One hand, arm extended, open palm facing outward, blocking view in front, moving front-to-back, repeatedly","One hand, open palm facing forward, waving left-right, repeatedly","One hand, index finger extended upward, stationary","One hand, open palm facing outward, moving up-down, repeatedly"
P_004,"One hand, curved hand, positioned on the side of the head, behind the ear, stationary + one hand, fingers pinching knob, rotating clockwise, repeatedly","One hand, open palmfacing down, moving downwards, repeatedly","One hand, open hand with finger extended, all fingers tapping together, repeadetly","One hand, closed palm facing outward, quickly opening and closing fingers, repeatedly","One hand, open palm facing inward, blocking view in front, moving up-down, repeatedly","One hand, open palm facing forward, waving left-right, repeatedly","One hand, index finger extended upward, stationary","Two hands, open palms crossing in front, spreading sideways, once + one hand, closed palm, raised on the side, stationary"
P_005,"One hand, open palm facing up, moving upwards, repeatedly","One hand, open palm facing down, moving downwards, repeatedly","One hand, open palm pointing front facing left, swiping leftwards, repeatedly","One hand, open palm extended outward, swiping righttward","One hand, arms extended, open palm facing outward, blocking view in front, moving forward, onc","One hand, arm extended, open palm facing forward, moving back inward","One hand, index finger extended upward, stationary","One hand, open open palm facing down, moving downwards"
P_006,"One hand, index finger extended, pointing upwards, repeatedly","One hand, index finger extended pointing down, moving downwards, repeatedly","Two hands, hands open in front, stacking together downward, once","Two hands, hands stacked together in front, spreading outwards, once","One hand, palm facing outward, blocking view in front, moving forward, once","One hand, open palm extended outward, swiping righttward","One hand, open and raised palm, facing forward, stationary","One hand, palm open facing forward, waving left-right, repeatedly"
P_007,"One hand, index finger extended, positioned on the side of the head, pointing to ear, stationary + one hand, index finger extended, pointing upwards, repeatedly","One hand, open palm facing down, moving downwards, repeatedly","One hand, open palm near mouth, turning face rightwards, once",Unknown,"One hand, index finger extended, pointing forward, repeatedly","One hand, fingers pinched together, moving outward","One hand, index finger extended upward, stationary","One hand, closed palm, thumb finger extended upward, stationary, both"
P_008,"One hand, open palm with back of the hand facing up, moving upwards, once ","One hand, open palm facing down, moving downwards, once","One hand, thumb finger and index finger pinching together, swiping over mouth rightwards, once","One hand, thumb finger and index finger pinching together, swiping over mouth leftwards, once","One hand, arm extended, open palm facing outward, blocking view in front, moving front-to-back, repeatedly","One hand, thumb finger and middle finger flicking together, produce a snapping sound, once","One hand, open and raised palm, facing forward, stationary","One hand, open palm facing forward, waving left-right, repeatedly"
P_009,"One hand, fingers pinching knob, rotating clockwise, repeatedly","One hand, fingers pinching knob, rotating counterclockwise, repeatedly","One hand, open palm facing front, closing fist inward, once","One hand, open palm facing outward, opening and closing fingers, repeatedly","One hand, open palm facing down, moving up-down","One hand, open palm facing up, moving upwards","One hand, open and raised palm, facing forward, stationary","One hand, open palm facing down, closing fist inward, once"
P_010,"One hand, index finger extended pointing sideward, swiping upward, repeatedly","One hand, index finger extended pointing sideward, swiping downwards, repeatedly","One hand, four fingers extended placed over the mouth, stationary","One hand, open palm touching mouth, moving away from mouth, outward","Two hands, open palms facing out crossing in front, stationary","Two hands, open palms, hands stacked together in front, spreading outwards, once","One hand, index finger extended upward, stationary","One hand, open palm facing down, moving downwards"
P_011,"One hand, open palm facing up, moving upwards, repeatedly","One hand, open palm facing down, moving downwards, repeatedly","One hand, open palm facing front, closing fist inward, once","One hand, closed palm facing outward, quickly opening fingers outward","Two hands, palms facing outward, moving towards each other to the center, in front","Two hands, open palms facing outward, moving away from each other, in front","One hand, index finger extended upward, stationary","One hand, open palm facing front, closing fist leftwards, once"
P_012,"One hand, curved hand, positioned on the side of the head, behind the ear, stationary","One hand, curved hand near the ear, stationary + one hand, open palm facing down, moving downwards, repeatedly","One hand, index finger extended placed over the mouth, stationary","One hand, open palm fingers touching mouth, moving outward away from the mouth, opening fingers, repeatedly","One hand, idex finger extended, drawing a diagonal line, in front, repeatedly","Two hands, open palms facing inwards, fingers touching mouth, moving away from mouth, opening fingers outward","One hand, index finger extended upward, stationary","One hand, open palm facing forward, waving left-right, repeatedly"
P_013,"One hand, fingers pinching knob, rotating clockwise, repeatedly","One hand, fingers pinching knob, rotating counterclockwise, repeatedly","One hand, index finger extended placed over the mouth, stationary","One hand, right hand, open palm facing forward, moving towards the mouth, stationary","One hand, open and raised palm, facing forward, stationary","One hand, closed pal, thumb finger extended upward, stationary","One hand, index finger extended upward, stationary","One hand, open palm facing forward, waving left-right, repeatedly"
P_014,"One hand, index extended, positioned on the side of the head, pointing the ear, stationary + one hand, open palm facing up, moving upwards, repeatedly","One hand, open palm facing down, moving downwards, repeatedly","One hand, thumb finger and index finger pinching together, swiping over mouth rightwards, once","One hand, thumb finger and index finger pinching together, swiping over mouth leftwards, once","One hand, palm facing inward, moving downwards in front face, once","One hand, open palm facing inward, moving upwards in front of the face","One hand, open and raised palm, facing forward, stationary","One hand, closed palm near the right ear, moving downwards in front"
P_015,"One hand, open palm facing up, moving upwards, once","One hand, open palm facing down, moving downwards, once","One hand, open hand with open fingers in front, all fingers tapping together frontward, once","One hand, closed palm facing outward, quickly opening fingers outward, once","One hand, open palm facing inward, moving downwards in front face, once","Two hands, open palms clapping together in front, once","One hand, index finger extended upward, stationary","One hand, open and raised palm, facing forward, stationary"
P_016,"One hand, open palm facing up, moving upwards, once","One hand, open palm facing down, moving downwards, repeatedly","One hand, open palm facing inward, covering the mouth, stationary","One hand, open palm fingers touching the mouth, moving outward away from the mouth, once","One hand, open palm facing down, moving downwards, once","One hand, open palm facing down, moving upwards, once ","One hand, open and raised palm, facing forward, stationary","One hand, open palm facing inward, moving downwards, once"
P_017,"One hand, two fingers pinched together, slowly opening fingers outward, once","One hand, thumb finger and index finger extended, slowly pinching together, once","One hand, thumb finger and index finger pinching together, swiping over mouth rightwards, once","One hand, thumb finger and index touching the mouth, opening fingers and moving frontward away from the mouth, once","Two hands, palms closed facing inward, separated to the sides, moving towards each other to the center, in front, once","Two hands, closed palms facing outward on the center, moving away from each other, once","One hand, index finger extended upward, stationary","Two hands, open palm facing forward, waving left-right, repeatedly"
P_018,"One hand, open palm facing down, swiping upwards, repeatedly","One hand, open palm facing down, moving downwards, repeatedly","One hand, open palm facing inward, covering the mouth, stationary","Two hands, index finger extendend near the ear, stationary","Two hands, palms facing inward, covering the eyes, stationary","Two hands, open palms facing inward, covering the eyes, then moving outward, once","One hand, index finger extended upward, stationary","One hand, open palm facing forward, waving left-right, repeatedly"
P_019,"One hand, fingers pinching knob, rotating clockwise, repeatedly","One hand, fingers pinching knob, rotating counterclockwise, repeatedly","One hand, thumb finger and index finger pinching together, swiping over mouth rightwards, once","One hand, thumb finger and index finger pinching together, swiping over mouth leftwards, once","One hand, palm facing inward, covering the eyes, stationary","Two hands, closed palms facing outward on the center, moving away from each other, once","One hand, index finger extended upward, stationary","Two hands, one hand open palm facing up, other hand open open palm facing down, moving downwards to the other"
P_020,"One hand, open palm facing up, moving upwards, repeatedly","One hand, open palm facing down, moving downwards, repeatedly","One hand, all fingers extended outward, all fingers tapping together, once","Two hands, open palms, crossing each other, spreading outward to the sides","Two hands, open palms facing down crossing in front, spreading sideways, once","Two hands, index finger extendeds and thumbs extended, forming a rectangular shape in front of the face, stationary","One hand, index finger extended upward, stationary","Two hands, open palms facing body crossing in front, spreading sideways, once"
P_021,"One hand, index extended, positioned on the side of the head, pointing the ear, stationary + one hand, index finger extended pointing up, stationary","One hand, index extended near the ear, stationary + one hand, thumb finger and index finger pinching together, slowly closing inward, once","One hand, index finger extended, pointing at the mouth, stationary + two hands, hands stacked together in front, spreading outwards","One hand, index finger extended, pointing at the eye, stationary + one hand, index finger extended pointing up, stationary","One hand, palm facing inward, moving downwards in front face, once","One hand, index finger extended, pointing at the eye, stationary + one hand, open open palm facing up, moving upwards, once ","One hand, index finger extended upward, stationary","Two hands, open palms touching each other, fingers wrapped around the opposite hand, moving up and down, repeatedly"
P_022,"One hand, index extended positioned on the side of the head, pointing the ear, poiting the ear, repeatedly","One hand, fingers pinching knob, rotating counterclockwise, repeatedly","One hand, index finger extended placed over the mouth, stationary",Unknown,"Two hands, palms closed facing inward, one hand above the other, moving towards each other in front, once","One hand, open palm facing forward, waving left-right, repeatedly","One hand, index finger extended upward, stationary","One hand, open palm facing forward, waving left-right, repeatedly"
P_023,"One hand, thumb finger and index finger pinching together, slowly closing inwards, repeatedly + one hand, open palm pointing up, moving upwards, repeatedly","One hand, open palm pointing down, moving downwards, repeatedly","One hand, open palm facing inward, covering the mouth, stationary","One hand, open palm fingers touching the mouth, moving outward away from the mouth, once","Two hands, palms facing inward, covering the eyes, stationary","Two hands, open palms facing inward, covering the eyes, then moving outward, once","One hand, open and raised palm, facing forward, stationary","One hand, open palm near the right ear, moving downwards in front, once"
P_024,"One hand, index finger extended, rotating finger clockwise, repeatedly","One hand, fingers pinching knob, rotating counterclockwise, repeatedly","One hand, open palm facing outward, moving downwards, once","One hand, open palm facing down, swipping upwards, once","One hand, arm extended, open palm facing outward, blocking view in front, moving forward, once","One hand, open palm facing outward, moving forward, blocking view in front, once",Unknown,"One hand, open palm facing forward, waving left-right, repeatedly"
P_025,"One hand, fingers pinching knob, rotating clockwise, once","One hand, fingers pinching knob, rotating counterclockwise, repeatedly","One hand, open palm facing inward, covering the mouth, stationary","One hand, open palm fingers touching the mouth, moving outward away from the mouth, moving letf-to-right","One hand, arm extended, open palm facing outward, blocking view in front, moving forward, once","One hand, open palm facing front arm extended to front, swiping righttward, once","One hand, index finger extended upward, stationary","One hand, open palm facing down, moving downwards, once"
P_026,"One hand, open palm with fingers extended, moving side to side in a wave format, repeatedly + one hand, index finger extended pointing up, moving upwards, once ","One hand, open palm facing down, moving side to side in a wave motion, repeatedly + one hand, index finger extended pointing down, moving downwards, once ","One hand, open palm, fingers extended, moving side to side in a smooth, flowing motion, repeatedly + one hand, thumb finger and index finger pinching together over mouth, swiping rightwards, once","One hand, open palm, fingers extended, moving side to side in a smooth, flowing motion, repeatedly + one hand, thumb finger and index finger pinching together, swiping leftward","One hand, index finger extended and thumb finger extended, forming a circular or eye-like shape, stationary + one hand, fingers extended then closing into a grabbing motion, once","One hand, index finger extended and thumb finger extended, forming a circular or eye-like shape, stationary + one hand, palm forming a circular, opening fingers outward, once","One hand, index finger extended upward, stationary","One hand, index finger extended, moving diagonally in the air to forma an x, once"
P_027,"One hand, open palm facing down, swiping upwards, repeatedly","One hand, open palm facing down, moving downwards, repeatedly","One hand, thumb finger and index finger pinching together, swiping over mouth rightwards, once","One hand, closed palm, facing outward, quickly opening and closing fingers, repeatedly","Two hands, index finger extendeds and thumbs extended, forming a rectangular shape in front of the face, closing the frame, repeatedly","Two hands, index finger extendeds and thumbs extended, forming a rectangular shape in front of the face, stationary","One hand, open and raised palm, facing forward, stationary","One hand, open palm near the right ear, moving downwards in front, once"
P_028,"One hand, index extended positioned on the side of the head, pointing the ear, stationary + one hand, index finger extended, pointing upwards, repeatedly","One hand, index extended near the ear, stationary + index finger extended pointing down, moving downwards, repeatedly","One hand, thumb finger and index finger extended pinched together near the mouth, stationary","One hand, thumb finger and index finger extended pinched together near the mouth, releasing, once","One hand, open palm facing outward, blocking view in front, moving rigthward in a big circle with the arm, once","One hand, arm extended, open palm facing outward, moving leftward in a big circle with the arm, once","One hand, index finger extended upward, stationary","One hand, open palm facing front arm extended to front, swiping righttward, once"
P_029,"One hand, open palm facing down with index finger extended to front, swiping upwards, repeatedly","One hand, thumb finger and index finger extended pinched together, sliding downwards, once","One hand, palm facing outward, moving forward, once","One hand, arm extended, palm facing forward, moving back inward, once","One hand, open palm, extended outward, swiping leftwards, once","One hand, open palm extended outward, swiping rightwards, once","One hand, index finger extended upward, stationary","One hand, flat hand, palm facing outward, moving downwards, once"
P_030,"One hand, index extended positioned on the side of the head, pointing the ear, stationary + one hand, thumb finger extended pointing up, moving upwards, repeatedly","One hand, curved hand near the ear, stationary + one hand, thumb finger extended pointing down, moving dowards, repeatedly","One hand, index near the ear, stationary + one hand, all fingers tapping together, closing sideward, once","One hand, index finger extended near the ear, stationary + one hand, all fingers tapping together, opening sideward, once","One hand, palm facing inward + one hand, palm facing inward, moving downwards, in front, once","One hand, palm facing inward + one hand, open palm facing down, moving upwards, once ","One hand, index finger extended upward, stationary","Two hands, open palms and facing each other, moving toward each other twice and clapping, twice"
P_031,"One hand, fingers pinching knob, rotating clockwise, repeatedly","One hand, fingers pinching knob, rotating counterclockwise, repeatedly",Unknown,Unknown,"One hand, index pointing outward, swiping rightward","One hand, closed palm, index pointing outward, swiping leftward","One hand, index finger extended upward, stationary","Two hands, palm facing forward, waving left-right, repeatedly"
P_032,"One hand, curved hand positioned on the side of the head, pointing the ear, stationary + one hand, index finger extended, pointing upwards, repeatedly","One hand, curved hand near the ear, stationary + one hand, index finger extended pointing down, moving downwards, repeatedly","One hand, thumb finger and index finger pinching together over mouth, twisting hand, once","Two hands, closed palm, facing outward, quickly opening fingers outward, once","One hand, flat hand, palm facing frontward, moving downwards, once","One hand, open palm facing down, moving upwards, once ","One hand, open and raised palm, facing forward, stationary","One hand, palm facing forward, waving left-right, repeatedly"
P_033,"One hand, open palm facing up, moving upwards, repeatedly","One hand, open palm facing down, moving downwards, repeatedly","One hand, open palm facing down, moving downwards, once + one hand, open palm facing front arm extended to front, swiping rightwards, once","One hand, open palm facing front arm extended to front, swiping leftwards, once+ one hand, back of the hand facing up, moving upwards, once ","Two hands, open palms and facing each other, moving toward each other twice and clapping, twice","Two hands, open palms and facing each other, moving toward each other twice and clapping, twice","One hand, index finger extended upward, stationary","Two hands, open palms and facing each other, moving toward each other twice and clapping, repeatedly"
P_034,"One hand, open palm facing up, moving upwards, repeatedly + one hand, curved hand near the ear, stationary","One hand,thumb ifinger and index finger extendeds pinching together, slowly closing inward, once","One hand, thumb finger and index finger pinching together, swiping over mouth rightwards, once","One hand, curved hand near the ear, stationary + one hand, thumb finger and index finger pinching together, swiping over mouth leftwards, once","One hand, open palm facing outward, blocking view in front, moving forward, once","One hand, arm extended, palm facing forward, moving back inward, once","One hand, index finger extended upward, stationary","One hand, open palm facing forward, waving fingers up-down, repeatedly"
P_035,"One hand, back of the hand facing up, moving upwards, once ","One hand, open palm facing down, moving downwards, once","One hand, open palm facing outward, moving downwards, once","One hand, open palm facing down, moving upwards, once ","One hand, palm facing inward, covering the eyes, stationary","One hand, palms facing inward, covering the eyes, then moving outward, once","One hand, open and raised palm, facing forward, stationary","Two hands, open palm facing outward, moving downwards, once"
P_036,"One hand, index finger extended frontward, rotating the index finger clockwise, repeatedly","One hand, index finger extended, rotating finger counterclockwise, repeatedly","Two hands, open palms and facing each other, clapping once in front of the face, once","Two hands, open palms and facing each other, clapping, once in front of the face, once","Two hands, palms closed facing inward, one hand above the other, moving towards each other to the center, in front, once","Two hands, palms closed facing outward on the center, moving away from each other, once","One hand, open and raised palm, facing forward, stationary","One hand, open palm facing forward, waving left-right, repeatedly"
P_037,"One hand, index extended positioned on the side of the head, pointing the ear, stationary","One hand, open palm facing down, moving downwards, once","One hand, open palm facing inward, covering the mouth, stationary","One hand, closed palm, facing outward, quickly opening fingers, once","Two hands, open palms facing body crossing in front, spreading sideways, once","Two hands, thumbs extended upward, stationary","One hand, index finger extended upward, stationary","One hand, open palm facing outward, moving downwards, once"
P_038,"One hand, fingers pinching knob, rotating clockwise, once","One hand, fingers pinching knob, rotating counterclockwise, repeatedly","One hand, all fingers tapping together, closing frontwards, once","One hand, all fingers tapping together, closing frontward, once","One hand, palm facing inward, moving downwards in front face, once","One hand, palm facing inward, moving upwards in front of the face","One hand, index finger extended upward, stationary","One hand, open palm, sliding horizontally across the throat, rightwards, once"
P_039,"One hand, curved hand positioned on the side of the head, behind the ear, stationary + one hand, open palm facing up, moving upwards, repeatedly","One hand, palm facing to side, swiping downwards, repeatedly",,"One hand, thumb finger and middle finger flicking together, produce a snapping sound, once",,"Two hands, index finger extendeds and thumbs extended, forming a rectangular shape in front of the face, stationary","One hand, open and raised palm, facing forward, stationary","One hand, open palm facing forward, waving left-right, repeatedly"
P_040,"One hand, back of the hand facing up, moving upwards, once ","One hand, open palm facing down, moving downwards, once","One hand, open palm facing down, sliding horizontally across the throat rightwards, repeatedly","One hand, open palm facing down, sliding horizontally across the throat rightwards, repeatedly","One hand, open palm facing front, closing fist frontward, once","Two hands, open palm facing each other, moving away from each other, once","One hand, open and raised palm, facing forward, stationary","One hand, open palm facing outward, swipping downwards in front, once"
P_041,"One hand, index finger extended pointing up, repeadly","One hand, index finger extended, pointing down, moving downwards, repeatedly","One hand, index finger extended placed over mouth, stationary","One hand, curved hand near the ear, stationary","Two hands, palm facing inward, covering the eyes, stationary","Two hands, fingers curled into circles, placed over the eyes, imitating binoculars, stationary","One hand, index finger extended upward, stationary","Two hands, open palms fingers pointing up, pressed together in front of the chest, stationary"
P_042,"One hand, open palm facing up, moving upwards, once ","Open palm facing down, moving downwards, once","One hand, open palm facing down, closing fist inward, once","One hand, closed palm, facing outward, quickly opening fingers, once","One hand, open palm facing to left, extended out to front, swiping leftwards, once","One hand, open palm, extended outward, swiping rightwards, once","One hand, index finger extended upward, stationary","One hand, fingers curled near the ear, moving downwards in front, once"
P_043,"One hand, index finger extended, rotating finger clockwise, repeatedly","One hand, index finger extended, rotating finger counterclockwise, repeatedly",,,"One hand, open palm facing outward, blocking view in front, moving forward, once","One hand, arm extended, palm facing forward, moving back inward, once","One hand, open and raised palm, facing forward, stationary",
P_044,"One hand, open palm facing up, moving upwards, repeatedly","One hand, open palm facing down, moving downwards, repeatedly","One hand, thumb finger and index finger pinching together, swiping over nouth rightwards, once","One hand, thumb finger and index finger pinching together, swiping over mouth rightwards, once + one hand, index finger extended, pointing up, moving upwards, repeatedly","One hand, index extended, point frontward + one hand, palm facing outward, moving forward, once","One hand, index extended, point frontward + one hand, thumb finger extended upward, stationary","One hand, thumb finger and index finger extended slightly apart, stationary","Two hand, thumb finger extended upward, stationary + two hands, palm facing forward, waving left-right, repeatedly"
P_045,"One hand, open palm facing up, moving upwards, once ","One hand, open palm facing down, moving downwards, repeatedly","One hand, open palm facing the face, covering the mouth, stationary","One hand, open palm fingers touching the mouth, moving outward away from the mouth, once","One hand, palm facing inward, covering the eyes, stationary","One hand, palms facing inward, covering the eyes, then moving outward, once","One hand, open and raised palm, facing forward, stationary","One hand, palm facing forward, waving left-right, once"
P_046,"One hand, fingers pinching knob, rotating clockwise, once","One hand, fingers pinching knob, rotating counterclockwise, repeatedly","Two hands, palms open, one hand horizontally placed over the other in a vertical , forming a ""t"" shape, stationary","Two hands, palms open, forming a ""t"" shape, then moving apart horizontally, once","One hand, arm extended, open palm facing outward, blocking view in front, moving outwards, stationary","One hand, arm extended, palm facing forward, moving back inward, once","One hand, open and raised palm, facing forward, stationary","One hand, palm facing forward, waving left-right, repeatedly"
P_047,"One hand, back of the hand facing up, moving upwards, once ","One hand, open palm facing down, moving downwards, once","One hand, open and raised palm, facing forward, stationary","One hand, open palm, facing forward, raised upward to twist grabbing, once","One hand, open palm facing front, closing fist inward, once","Two hands, open palm, facing forward, grabbing and releasing, once","One hand, open and raised palm, facing forward, stationary","Two hands, open palms facing body crossing in front, spreading sideways, once"
P_048,"One hand, curved hand positioned on the side of the head, behind the ear, stationary","Two hands, one hand, index finger extended pointing mouth, other hand, open palm facing down, moving downwards, once","Two hands, index blocking ears, stationary","Two hands, index unblocking ears, once","One hand, palm facing inward, covering the eyes, stationary","One hand, palm facing inward, uncovering the eyes, moving upwards, once","One hand, open and raised palm, facing forward, stationary","One hand, open palm facing down, sliding horizontally across the throat rightwards, once"
P_049,"One hand, curved hand positioned on the side of the head, behind the ear, stationary","One hand, curved hand near the ear, stationary + other hand, open palm facing down, moving downwards, once","One hand, index finger extended placed over the mouth, stationary","One hand, curved hand near the ear, stationary","Two hands, open palms facing out crossing in front, stationary","Two hands, open palms side to side facing front, spreading sideway, once","One hand, open and raised palm, facing forward, stationary","One hand, open palm facing out, waving left-right, repeatedly"
P_050,"One hand, open palm facing up, moving upwards, repeatedly","One hand, open palm facing down, moving downwards, repeatedly","Two hands, both hands thumbs finger and index fingers pinching together in front of the mouth, swiping to the sides, once","One hand, open palm facing up, moving upwards, repeatedly","Two hands, open palms facing out crossing in front, stationary","Two hands, open palms side to side facing front, spreading sideway, once","One hand, index finger extended upward, stationary","One hand, open palm facing out, waving left-right, repeatedly"
P_051,"One hand, fingers pinching knob, rotating clockwise, repeatedly","One hand, fingers pinching knob, rotating counterclockwise, repeatedly","One hand, open palm facing the face, covering the mouth, stationary","One hand, open palm fingers touching the mouth, moving outward away from the mouth, once","One hand, open palm facing forward, waving left-right, repeatedly","One hand, open palm facing forward, waving left-right, repeatedly","One hand, open and raised palm, facing forward, stationary","One hand, closed palm at the right side, moving downwards in front, once"
P_052,"One hand, open palm facing up, moving upwards, once","One hand, open palm facing down, moving downwards, repeatedly","One hand, index finger extended placed over the mouth, stationary","One hand, curved hand index and thumb fingers touching the ear, stationary","One hand, open palm facing inward, covering the eyes, stationary","One hand, palm facing inward, uncovering the eyes, moving upwards, once","One hand, open and raised palm, facing forward, stationary","One hand, open palm facing out, waving left-right, repeatedly"
P_053,"One hand, curved hand positioned on the side of the head, behind the ear, stationary","One hand, index finger pointing the ear, stationary + one hand, index finger extended pointing down, moving downwards, repeatedly","One hand, thumb finger and index finger pinching together, swiping over mouth rightwards, once + one hand, tindex finger extended pointing down, moving downwards, repeatedly","One hand, open palm fingers touching the mouth, moving outward away from the mouth, once","Two hands, index finger extended, forming a rectangular shape in front of the face, once + one hand, palm facing outward, moving forward, once","Two hands, index finger extended, forming a rectangular shape in front of the face, once + one hand, thumbs extended upward, stationary","One hand, index finger extended upward, stationary","Two hands, open palms facing outward in front, spreaded sideways, stationary"
P_054,"One hand, index finger extended pointing up, stationary","One hand, open palm facing down, moving downwards, once","One hand, open palm facing the face, covering the mouth, stationary","One hand, open palm fingers touching the mouth, moving outward away from the mouth, once","One hand, open hand, palm facing frontward, moving downwards to the left, once","One hand, open palm facing down, moving upwards, once ","One hand, open and raised palm, facing forward, stationary","Two hands, open palms facing outward spreaded in front, moving towards each other to the center, once"
P_055,"One hand, open palm with back of the hand facing up, moving upwards, once ","One hand, open palm facing down, moving downwards, once","One hand, thumb finger and index finger pinching together, swiping over mouth rightwards, once","One hand, thumb finger and index finger pinching together, swiping over mouth rightwards, once","One hand, open palm facing inward, covering the eyes, stationary","One hand, palms facing inward, covering the eyes, then moving outward, once","One hand, open and raised palm, facing forward, stationary","One hand, open palm facing out, waving left-right, repeatedly"
P_056,"One hand, index finger extended pointing up, repeadly","One hand, index finger extended, pointing down, moving downwards, repeatedly","One hand, index finger extended placed over the mouth, stationary","One hand, index finger extended placed over the mouth, stationary","One hand, open palm, extended outward, swiping rightwards, once","One hand, open palm, extended outward, swiping leftwards, once","One hand, open and raised palm, facing forward, stationary","Two hands, open palms facing body crossing in front, spreading sideways, once"
P_057,"One hand, fingers pinching knob, rotating clockwise, once","One hand, fingers pinching knob, rotating counterclockwise, repeatedly","One hand, index and thumb fingers extended outward, fingers slowling tapping together, once","One hand, index and thumb fingers pinched together, slowly open fingers","One hand, arm extended, open palm facing outward, blocking view in front, stationary","One hand, arm extended, palm facing forward, moving back inward closing palm, once","One hand, index finger extended upward, stationary","One hand, open palm pointing front facing left, swiping leftwards, once"
P_058,"One hand, open palm with back of the hand facing up, moving upwards, once ","One hand, open palm facing down, moving downwards, once","One hand, arm extended, open palm facing outward, blocking view in front, stationary","One hand, arm extended, open palm facing outward, stationary","Two hands, arms extended, open palms facing outward, blocking view in front, stationary","Two hands, arms extended, open palms facing outward, blocking view in front, stationary","One hand, open and raised palm, facing forward, stationary","Two hands, open palms pointing up, presseding together in front, stationary"
P_059,"One hand, closed palm, thumb finger and index finger pinching together, slowly sliding upwards, once","One hand, closed palm, thumb finger and index finger pinching together, slowly sliding downwards, once","One hand, all fingers extended outward, fingers quickly tapping together, once","One hand, all fingers extended outward, fingers quickly tapping together, repeatedly","One hand, all fingers extended outward, fingers quickly tapping together, once","One hand, all fingers extended outward, fingers quickly tapping together, repeatedly","One hand, index finger extended upward, stationary","One hand, open palm facing forward, closing fist inward, once"
P_060,"One hand, open palm facing up, moving upwards, once","One hand, open palm facing down, moving downwards, once","One hand, all fingers extended outward, fingers quickly tapping together, once","One hand, index and thumb fingers pinched together, slowly open fingers","Two hands, raised hand open palms facing frontward, clapping in front, once","Two hands, raised hand open palms facing frontward, clapping in front, once","One hand, index finger extended upward, stationary","Two hands, open palms facing frontward, clapping in front, once"
P_061,"One hand, index finger extended, positioned on the side of the head, pointing the ear, stationary + one hand, index finger extended pointing up, moving upwards, once","One hand, index finger pointing the ear, stationary + one hand, index finger extended pointing down, moving downwards, repeatedly","One hand, open palm facing the face, covering the mouth, stationary","One hand, open palm fingers touching the mouth, moving outward away from the mouth, once","One hand, arm extended, open palm facing outward, blocking view in front, stationary","One hand, open palm facing forward, waving left-right, repeatedly","One hand, index finger extended upward, stationary","One hand, open palm facing out, waving left-right, repeatedly"
P_062,"One hand, index finger extended pointing up, repeadly","One hand, index finger extended, pointing down, moving downwards, repeatedly","One hand, open palm facing front, swiping rightwards, once","One hand, open palm facing front, swiping leftwards, once","Two hands, open palms crossed inf front, spreading sideway, once","Two hands, open palms facing forward sideway, moving towards each other to the center, in front, once","One hand, open and raised palm, facing forward, stationary","One hand, open palm facing out, waving left-right, repeatedly"
P_063,"One hand, fingers pinching knob, rotating clockwise, repeatedly","One hand, fingers pinching knob, rotating counterclockwise, repeatedly","One hand, palm facing front, all fingers quickly tapping together, hand going backwards, once","One hand, open palm facing down, swipping upwards, once ","One hand, open palm, extended outward, swiping rightwards, once","One hand, open palm, extended outward, swiping leftwards, once","One hand, open and raised palm, facing forward, stationary","Two hands, open palms facing frontward, clapping in front, once"
P_064,"One hand, open palm facing up, moving upwards, once","One hand, open palm facing down, moving downwards, once","One hand, palm facing front, all fingers quickly tapping together, once","One hand, all fingers pinched together, slowly opening outward, once","One hand, arm extended, open palm facing outward, blocking view in front, stationary","One hand, arm extended, open palm facing forward, turning hand moving back inward, once","One hand, index finger extended upward, stationary","One hand, open palm facing outward, swipping downwards in front, once"
P_065,"One hand, index extended positioned on the side of the head, pointing the ear, stationary","Two hands, open palms facing down side by side, moving downwards, repeatedly","One hand, index finger extended placed over the mouth, stationary","One hand, closed palm facing outward front of mouth, quickly opening fingers, once","Two hands, open palms facing inward, covering the eyes, stationary","Two hands, closed palms facing outwards, covering the eyes, then opening fingers outwards, once","One hand, open and raised palm, facing forward, stationary","One hand, open palm facing out, waving left-right, repeatedly"
P_066,"One hand, open palm spreads fingers, positioned on the side of the head near the ear, turning clockwise, repeatedly","One hand, open palm facing down, moving downwards, repeatedly","One hand, thumb finger and index finger pinching together, swiping over mouth rightwards, once","One hand, all fingers pinched together, slowly opening outward, once","One hand, arm extended, open palm facing outward, blocking view in front, stationary","One hand, open palm facing down, moving upwards, once ","One hand, open and raised palm, facing forward, stationary","One hand, open palm pointing front facing left, swiping leftwards, once"
P_067,"One hand, back of the hand facing up, moving upwards, once ","One hand, open palm facing down, moving downwards, once","One hand, palm partially open, all fingers tapping together, once","One hand, all fingers pinched together, slowly opening outward, once","One hand, open palm facing outward, moving frontwards, blocking view in front, once","One hand, open palm facing outward, swipping downwards in front, once","One hand, open and raised palm, facing forward, stationary","Two hand, thumb finger extended upward, stationary"
P_068,"One hand, index finger extended, positioned on the side of the head, pointing the ear, stationary + one hand, index finger extended pointing up, moving upwards, once","One hand, index finger pointing the ear, stationary + one hand, index finger extended pointing down, moving downwards, once","One hand, index finger extended, pointing at the mouth, stationary + two hands, index fingers extendeds crossing in front of mouth, stationary","One hand, index finger extended, pointing at the mouth, stationary + one hand, thumb finger extended upward, stationary","One hand, index finger extended, drawing a circle over the face, once + two hands, open palms facing inward crossing in front, stationary","One hand, index finger extended, drawing a circle over the face, once + one hand, thumb finger extended upward, stationary","One hand, open and raised palm, facing forward, stationary","One hand, open palm facing out, waving left-right, repeatedly"
P_069,"One hand, open palm facing front, swiping upwards, once","One hand, open palm facing front, swiping upwards, once","One hand, open palm facing down, slashing rightwards in front, once","One hand, open palm facing down, slashing leftwards in front, once","One hand, open palm facing frontward, moving downwards in front, once","One hand, open palm facing the side in front, moving upwards, once ","One hand, thumb finger and middle finger flicking together in front, produce a snapping sound, once","Two hands, open palms facing down in front, hands stacked together in front, spreading outwards, once"
P_070,"One hand, fingers pinching knob in front, rotating clockwise, once","One hand, fingers pinching knob in front, rotating counterclockwise, once","Two hands, open palms facing down, crossing in front of the mouth, stationary","Two hands, open palms facing down,crossed in front of the mouth, spreading apart away from the mouth, once","Two hands, palms open, one hand horizontally placed over the other in a vertical , forming a ""t"" shape, stationary","Two hands, open palms forming a ""t"" shape, then moving apart sidewards, once","One hand, index finger extended upward, stationary","One hand, open palm pointing front facing left, swiping leftwards, once"
P_071,"One hand, fingers pinching knob in front, rotating clockwise, once","One hand, fingers pinching knob in front, rotating counterclockwise, once","One hand, thumb finger and index finger pinching together, swiping over mouth rightwards, once","One hand, thumb finger and index finger pinching together, swiping over mouth leftwards, once","One hand, arm extended, open palm facing outward, blocking view in front, stationary","One hand, arm extended, open palm facing forward, hand moving back inwards, once","One hand, open and raised palm, facing forward, stationary","One hand, open palm facing out, waving left-right, repeatedly"
P_072,"One hand, fingers pinching knob in front, rotating clockwise, once","One hand, fingers pinching knob in front, rotating counterclockwise, once","One hand, open palm facing the face, covering the mouth, stationary","Two hands, open palms touching the mouth, moving outward away from the mouth, once","Two hands, open palms facing inward, covering the eyes, stationary","Two hands, indexes and thumbs fingers in a round shape over the eyes, then opening fingers, once","One hand, index finger extended upward, stationary","One hand, closed palm and index finger extended facing down, sliding horizontally across the throat rightwards, once"
P_073,"One hand, closed palm facing up, index finger extended pointing forward, swiping upwards, repeatedly","One hand, closed palm facing down, index finger extended pointing forward, swiping downwards, repeatedly","One hand, index finger extended, rotating finger clockwise, repeatedly","One hand, index finger extended, rotating finger counterclockwise, repeatedly","One hand, open palm facing front, closing fist inward, once","One hand, closed palm facing forward, releasing and open palm, once","One hand, index finger extended upward, stationary","Two hands, open palms facing frontward, clapping in front, once"
P_074,"One hand, open palm facing up, swiping upwards, repeatedly","One hand, open palm facing down, swiping downwards, repeatedly","One hand, open palm facing inward, covering the mouth, stationary","One hand, closed palm facing outward front of mouth, quickly opening fingers, once","One hand, open palm facing front, swipping roung while closing fist inward, once","One hand, closed palm facing forward, swipping roung while releasing and open palm, once","One hand, open and raised palm, facing forward, stationary","Two hands, open palms facing each other in front, clapping in front, once"
P_075,"One hand, index extended positioned on the side of the head, pointing to the ear, repeatedly","One hand, index extended near the ear, pointing to the ear, repeatedly + one hand, open palm facing down, moving downwards, once","One hand, thumb finger and index finger pinching together, swiping over mouth rightwards, repeatedly","One hand, open palm facing up, moving upwards, once","One hand, arm extended, open palm facing outward, blocking view in front, stationary","Two hands, open palms facing the face, uncovering the eyes, repeatedly","One hand, index finger extended upward, stationary","Two hands, open palms facing down in front, hands stacked together in front, spreading outwards, once"
P_076,"One hand, fingers pinching knob in front, rotating clockwise close to the ear, once","One hand, fingers pinching knob in front, rotating counterclockwise close to the ear, once","Two hands, both hands thumbs finger and index fingers pinching together in front of the mouth, swiping to the sides, once","One hand, closed palm facing inward in front of mouth, quickly opening fingers outwards, once","Two hands, open palms facing inward, covering the eyes, stationary","Two hands, open palms facing inwards, covering the eyes, then spreading hands outwards, once","One hand, open and raised palm, facing forward, stationary","Two hands, index and thumb fingers pinched, drawing a double circle over the face, once"
P_077,"One hand, closed palm facing left in front, thumb finger rubbing index upwards, repeatedly","One hand, closed palm facing left in front, thumb finger rubbing index downwards, repeatedly","One hand, palm partially open, all fingers tapping together, once","One hand, closed palm facing leftward in front, quickly opening fingers, once","One hand, open palm facing leftward, moving downwards in front, once","One hand, open palm facing down in front, moving upwards, once","One hand, index finger extended upward, stationary","One hand, open palm facing out, waving left-right, repeatedly"
P_078,"One hand, thumb finger and index finger extended pinched together, sliding upwards, once","One hand, closed palm facing left in front, thumb finger rubbing index downwards, repeatedly","One hand, open palm facing inward, covering the mouth, stationary","One hand, open palm facing inward, covering the mouth, stationary","One hand, arm extended, open palm facing outward, blocking view in front, stationary","One hand, open palm facing out, waving left-right, repeatedly","One hand, open and raised palm, facing forward, stationary","One hand, closed palm facing inwards, thumb and midi fingers extended, moving downwards in front, once"
P_079,"One hand, curved hand, positioned on the side of the head behind the ear, stationary","One hand, curved hand near the ear, stationary","One hand, open palm facing inward, covering the mouth, stationary","One hand, open palm facing inwards, fingers touching the mouth, moving outward away from the mouth, once","One hand, arm extended, open palm facing outward, blocking view in front, stationary","One hand, arm extended, open palm facing forward, moving downwards, unblocking view in front, once","One hand, index finger extended upward, stationary","One hand, open palm facing outwards, waving rightwards, once"
P_080,"One hand, index finger extended pointing up, repeadly","One hand, index finger extended, pointing down, moving downwards, repeatedly","One hand, closed palm, index finger extended, pointing to front, repeatedly","One hand, closed palm, index finger extended, pointing to front, repeatedly","One hand, arm extended, open palm facing outward, blocking view in front, stationary","One hand, closed palm, index finger extended, pointing to front, repeatedly","One hand, index finger extended upward, stationary","One hand, open palm facing out, waving left-right, repeatedly"
P_081,"One hand, open palm extended fingers, positioned on the side of the head, behind the ear, turning clockwise, repeatedly","One hand, extended index finger poiting the ear, stationary + one hand, open palm facing down, moving downwards, repeatedly","One hand, all fingers extended pinched together over the mouth, stationary","Two hands, closed palms facing inward, fingers pinched together over mount, quickly opening fingers outward, once","One hand, open palm facing leftward, moving downwards in front, once","One hand, open palm facing down in front, moving upwards, once","One hand, open and raised palm, facing forward, stationary","One hand, open palm facing outward, moving downwards, once"
P_082,"One hand, fingers pinching knob in front, rotating clockwise, repeatedly","One hand, fingers pinching knob in front, rotating counterclockwise, repeatedly","One hand, arm extended, open palm facing outward, blocking view in front, stationary","One hand, arm extended, open palm facing outward, stationary","One hand, extended arm outward, open palm, swiping rightwards in front, once","One hand, extended arm outward, open palm, swiping lefttwards in front, once","One hand, open and raised palm, facing forward, stationary","Two hands, open palms facing each other in front, clapping in front, once"
P_083,"One hand, back of the hand facing up, moving upwards, once ","One hand, open palm facing down, moving downwards, once","Two hands, open palms facing down, crossed in front, stationary","One hand, open palm facing inwards, fingers touching the mouth, moving outward away from the mouth, once","One hand, open palm facing leftward, moving downwards in front, once","Two hands, open palms facing each other in front, clapping in front, once","One hand, open and raised palm, facing forward, stationary","One hand, open palm facing out, waving left-right, repeatedly"
P_084,"One hand, index finger extended, positioned on the side of the head, pointing to ear, stationary + one hand, index finger extended pointing up, moving upwards, once","One hand, open palm facing down, moving downwards, once","One hand, index finger extended placed over the mouth, stationary","One hand, thumb finger extended, pointing rightwards, stationary","One hand, open palm facing inward in front, swiping downwards in fornt of face, once","One hand, open palm facing inward in front, swiping upwards in front of face, once","One hand, index finger extended upward, stationary","One hand, open palm facing inward in front, waving downwards, once"
P_085,"One hand, index finger extended pointing up, repeadly","One hand, index finger extended, pointing down, repeatedly","One hand, palm partially open, all fingers tapping together, once","One hand, all fingers pinched together, quickly opening outward, once","One hand, extended arm, open palm facing frontward, swiping rightwards in front, once","One hand, extended arm, open palm facing frontward, swiping lefttwards in front, once","One hand, open and raised palm, facing forward, stationary","One hand, open palm facing outward, moving downwards, once"
P_086,"One hand, open palm facing up, moving upwards, once","One hand, open palm facing down, moving downwards, once","One hand, open palm facing down, slashing rightwards in front, once","Two hands, raised hand, open palms facing frontward, clapping in front, once","Two hands, open palms facing inward, closing palms moving inwards, once","One hand, fingers pinching knob in front, rotating clockwise, once","One hand, index finger extended upward, stationary","One hand, open palm facing out, waving left-right, repeatedly"
P_087,"One hand, open palm facing up, moving upwards, repeadly","One hand, open palm facing down, moving downwards, once","One hand, open palm facing inward, covering the mouth, stationary","One hand, open palm facing inwards, fingers touching the mouth, moving outward away from the mouth, once","One hand, open palm facing out, waving left-right, repeatedly","One hand, open palm facing out, waving left-right, repeatedly","One hand, index finger extended upward, stationary","One hand, open palm facing out, waving left-right, repeatedly"
P_088,"One hand, closed palm, thumb finger and index finger pinching together, slowly sliding upwards, once","One hand, closed palm, thumb finger and index finger pinching together, slowly sliding downwards, once","One hand, palm partially open, all fingers tapping together, repeatedly","One hand, palm partially open, all fingers tapping together, repeatedly","One hand, arm extended, open palm facing outward, blocking view in front, stationary","One hand, arm extended, open palm facing outward, blocking view in front, stationary","One hand, index finger extended upward, stationary","One hand, open palm facing outward, moving downwards, once"
P_089,"One hand, index finger extended pointing upwards, repeadly","One hand, index finger extended, pointing down, repeatedly","Two hands, open palms facing down, crossed in front, stationary","One hand, closed palm, thumb finger extended upward, stationary","Two hands, open palms facing down, crossed in front, stationary","Two hands, closed palms, facing outward, quickly opening fingers, once","One hand, open and raised palm, facing forward, stationary","One hand, open palm facing outward, moving downwards, once"
P_090,"One hand, open palm, positioned on the side of the head, spreading fingers near the ear, stationary + one hand, index finger extended pointing upwards, repeatedly","One hand, open palm spreads fingers near the ear, stationary + one hand, index finger extended pointing downwards, repeatedly","One hand, arm extended, open palm facing outward, blocking view in front, stationary","One hand, extended hand, open palm facing upward, handing over to the front, repeatedly","One hand, arm extended, open palm facing outward, blocking view in front, stationary","One hand, arm extended, open palm facing forward, moving downwards, unblocking view in front, once","One hand, open and raised palm, facing forward, stationary","One hand, open palm facing out, waving left-right, repeatedly"
P_091,"One hand, open palm facing up, moving upwards, repeadly","One hand, open palm facing down, moving downwards, repeatedly","One hand, palm partially open in front, all fingers tapping together, repeatedly","One hand, all fingers pinched together, slowly opening outward, repeatedly","Two hands, open palms facing outward, crossing and uncrossing in front, repeatedly","Two hands, open palms facing outward, crossing and uncrossing in front, repeatedly","One hand, index finger extended upward, stationary","One hand, open palm facing out, waving left-right, repeatedly"
P_092,"One hand, fingers pinching knob in front, rotating clockwise, repeatedly","One hand, open palm facing down, moving downwards, repeatedly","One hand, thumb finger and index finger pinching together, swiping over mouth rightwards, repeatedly","One hand, all fingers pinched together near mouth, quickly opening outward, repeatedly","Two hands, index finger extendeds and thumbs extended, forming a rectangular shape in front of the face, stationary + two hands, index fingers extended crossing in front of mouth, stationary","Two hands, index finger and thumbs extended, forming a rectangular shape in front of the face, stationary","One hand, open and raised palm, facing forward, stationary","Two hands, open palms facing out, waving left-right, repeatedly"
P_093,"One hand, open palm facing up, moving upwards, once","One hand, open palm facing down, moving downwards, repeatedly","Two hands, open palms facing each other, clapping in front, once","Two hands, open palms facing each other, clapping in front, twice","Two hands, extended arms, open palms facing frontward, swiping leftwards in front, once","Two hands, extended arms, open palms facing frontward, swiping rightwards in front, once","One hand, open and raised palm, facing forward, stationary","One hand, open palm facing outward, moving downwards, once"
P_094,"One hand, index finger extended pointing sideward, swiping upwards, repeatedly","One hand, closed palm facing down, index finger extended pointing forward, swiping downwards, repeatedly","One hand, open palm facing inward, covering the mouth, stationary","One hand, open palm facing inwards, fingers touching the mouth, moving outward away from the mouth, once","One hand, open palm facing front, closing fist inward, once","One hand, closed palm facing forward, releasing and open palm, once","One hand, open and raised palm, facing forward, stationary","Two hands, open palms facing the sides, crossed in front, stationary"
P_095,"One hand, index finger extended, positioned on the side of the head, pointing to ear, stationary + one hand, index finger extended, pointing upwards, repeatedly","One hand, extended index finger poiting the ear, stationary + one hand, open palm facing down, moving downwards, repeatedly","One hand, open palm facing inward, covering the mouth, stationary","One hand, open palm facing inwards, fingers touching the mouth, moving outward away from the mouth, once","Two hands, palms open, one hand horizontally placed over the other in a vertical , forming a ""t"" shape, stationary","Two hands, open palms forming a ""t"" shape, then moving apart downwards, once","One hand, open and raised palm, facing forward, stationary","One hand, closed palm facing inwards, thumb and midi fingers extended, moving downwards in front, once"
P_096,"One hand, index finger extended pointing up, repeadly","One hand, index finger extended pointing down, moving downwards, repeatedly","One hand, thumb finger and index finger pinching together, swiping over mouth rightwards, repeatedly",Unknown,"One hand, open palm facing out, waving left-right, repeatedly","One hand, open palm facing out, waving left-right, repeatedly","One hand, open and raised palm, facing forward, stationary","Two hands, open palms facing out, waving left-right, repeatedly"
P_097,"One hand, index and thumb fingers pinching knob in front, rotating clockwise, repeatedly","One hand, index and thumb fingers pinching knob in front, rotating counterclockwise, repeatedly","One hand, index finger extended, placed over the mouth, stationary","One hand, back of the hand facing up, moving upwards, once","One hand, arm extended, open palm facing outward, blocking view in front, stationary","One hand, open palm facing down, swiping upwards, once","One hand, index finger extended upward, stationary","One hand, closed palm, index finger extended, pointing to front, repeatedly"
P_098,"One hand, index finger extended pointing sideward, swiping upwards, repeatedly","One hand, index finger extended pointing to ear, stationary + one hand, index finger extended pointing sideward, swiping downwards, repeatedly","One hand, thumb finger and index finger pinching together, swiping over mouth rightwards, repeatedly",Unknown,"One hand, index and middle fingers pointing at the eyes, stationary + two hands, open palms facing each other, crossing in front, once","One hand, index and middle fingers pointing at the eyes, stationary + one hand, thumb finger extended upward, stationary","One hand, open and raised palm, facing forward, stationary","Two hands, open palms facing down, hands crossed together in front, spreading outwards, once"
P_099,"One hand, index finger extended pointing frontward, swiping upwards, repeatedly","One hand, closed palm facing down, index finger extended pointing forward, swiping downwards, once","One hand, open palm facing inward, covering the mouth, stationary","One hand, open palm facing inwards, fingers touching the mouth, moving downwards away from the mouth, once","One hand, open palm facing out, waving left-right, repeatedly","One hand, open palm facing out, waving left-right, repeatedly","One hand, open and raised palm, facing forward, stationary","Two hands, closed palms facing frontward, index fingers extended, crossed in front, stationary"
P_100,"One hand, open palm, thumb and index fingers pinching together, slowly sliding upwards, once","One hand, open palm, thumb and index fingers pinching together, slowly sliding downwards, once","One hand, open palm facing front, closing fist inward, once","One hand, closed palm facing outward front, quickly opening fingers, once","One hand, open palm facing left, swiping leftwards, once","One hand, open palm facing down in front, moving upwards, once","One hand, index finger extended upward, stationary","One hand, open palm facing outward, moving downwards, once"
P_101,"One hand, back of the hand facing up, moving upwards, once ","One hand, open palm facing down, moving downwards, repeatedly","One hand, palm partially open, all fingers tapping together, once","One hand, back of the hand facing up, moving upwards quickly, once ","One hand, open palm facing left, swiping leftwards, once","One hand, extended arm, open palm facing leftward, swiping rightwards in front, once","One hand, open and raised palm, facing forward, stationary","One hand, closed palm, raised in the frontside, stationary"
